filename,label
audio_128.wav,3.0408
audio_156.wav,3.4321
audio_19.wav,4.3377
audio_108.wav,1.8146
audio_206.wav,2.0719
audio_161.wav,2.9468
audio_215.wav,2.4188
audio_213.wav,2.2142
audio_11.wav,3.2972
audio_155.wav,3.1004
audio_39.wav,2.8364
audio_168.wav,3.101
audio_133.wav,1.9299
audio_28.wav,2.4843
audio_40.wav,3.0297
audio_181.wav,2.3685
audio_201.wav,2.4972
audio_182.wav,3.3246
audio_126.wav,2.7033
audio_10.wav,2.0781
audio_134.wav,1.8991
audio_69.wav,4.5063
audio_112.wav,4.028
audio_180.wav,2.1004
audio_177.wav,2.6901
audio_77.wav,4.9009
audio_111.wav,3.1188
audio_18.wav,3.9079
audio_175.wav,4.588
audio_33.wav,3.1464
audio_15.wav,2.8648
audio_4.wav,3.5738
audio_27.wav,2.9763
audio_96.wav,3.5254
audio_116.wav,2.5067
audio_1.wav,1.9959
audio_22.wav,3.3585
audio_114.wav,2.1637
audio_146.wav,3.0323
audio_46.wav,5.0
audio_144.wav,3.2566
audio_75.wav,4.9158
audio_200.wav,3.0162
audio_196.wav,2.164
audio_190.wav,3.276
audio_158.wav,2.4033
audio_17.wav,2.0293
audio_105.wav,4.25
audio_141.wav,3.5749
audio_129.wav,3.6066
audio_6.wav,3.0233
audio_70.wav,5.0
audio_35.wav,3.7669
audio_203.wav,3.3534
audio_90.wav,3.8456
audio_16.wav,3.3159
audio_138.wav,3.9138
audio_100.wav,2.7875
audio_115.wav,2.3628
audio_118.wav,4.3587
audio_137.wav,3.2576
audio_101.wav,3.081
audio_193.wav,2.3836
audio_102.wav,3.7759
audio_52.wav,2.9575
audio_172.wav,2.5726
audio_191.wav,3.6056
audio_194.wav,2.758
audio_67.wav,3.3713
audio_160.wav,2.8831
audio_179.wav,1.8417
audio_55.wav,2.7977
audio_145.wav,3.537
audio_197.wav,2.9391
audio_139.wav,2.8451
audio_91.wav,3.731
audio_8.wav,1.8761
audio_136.wav,3.7913
audio_199.wav,2.4375
audio_110.wav,3.9005
audio_208.wav,2.7778
audio_152.wav,4.6321
audio_94.wav,3.3295
audio_174.wav,3.6595
audio_23.wav,4.1165
audio_56.wav,2.417
audio_97.wav,3.1946
audio_148.wav,3.3079
audio_59.wav,3.2556
audio_5.wav,2.4898
audio_119.wav,3.9215
audio_80.wav,3.1194
audio_58.wav,2.603
audio_123.wav,3.3163
audio_188.wav,3.2233
audio_121.wav,2.6435
audio_107.wav,2.7035
audio_214.wav,3.2039
audio_73.wav,5.0
audio_169.wav,3.3828
audio_7.wav,2.8059
audio_42.wav,3.3456
audio_88.wav,4.5806
audio_64.wav,1.9776
audio_195.wav,2.4773
audio_57.wav,2.5974
audio_13.wav,2.9669
audio_125.wav,4.0968
audio_209.wav,2.9343
audio_211.wav,2.7812
audio_63.wav,2.5872
audio_86.wav,4.7524
audio_78.wav,4.6284
audio_38.wav,3.496
audio_186.wav,2.6506
audio_154.wav,3.4874
audio_21.wav,2.1444
audio_120.wav,2.6395
audio_183.wav,2.8463
audio_25.wav,3.2193
audio_122.wav,2.4965
audio_36.wav,3.4533
audio_76.wav,4.9969
audio_163.wav,2.6288
audio_83.wav,4.61
audio_103.wav,2.535
audio_93.wav,3.674
audio_26.wav,3.3642
audio_72.wav,5.0
audio_210.wav,2.5411
audio_104.wav,2.0666
audio_81.wav,3.4818
audio_166.wav,2.7786
audio_202.wav,2.7894
audio_185.wav,2.6059
audio_9.wav,1.6304
audio_207.wav,2.1104
audio_127.wav,3.2482
audio_12.wav,2.8645
audio_132.wav,2.5205
audio_109.wav,2.0826
audio_32.wav,3.3052
audio_178.wav,3.2109
audio_61.wav,2.348
audio_34.wav,4.1368
audio_106.wav,1.7703
audio_49.wav,4.6446
audio_149.wav,3.1592
audio_30.wav,4.0295
audio_131.wav,2.9412
audio_162.wav,2.0576
audio_204.wav,3.2593
audio_198.wav,3.1296
audio_135.wav,3.7685
audio_187.wav,2.8445
audio_3.wav,2.7857
audio_98.wav,3.8409
audio_159.wav,3.1973
audio_167.wav,2.3424
audio_205.wav,2.5287
audio_95.wav,3.2617
audio_68.wav,4.9206
audio_31.wav,4.275
audio_157.wav,2.8207
audio_89.wav,4.4416
audio_82.wav,4.8262
audio_53.wav,3.0307
audio_37.wav,4.4447
audio_113.wav,2.2636
audio_85.wav,4.9657
audio_173.wav,4.207
audio_41.wav,4.4452
audio_51.wav,2.6609
audio_143.wav,3.6809
audio_92.wav,4.2605
audio_74.wav,5.0
audio_0.wav,3.7374
audio_147.wav,3.0687
audio_130.wav,2.1527
audio_192.wav,2.641
audio_43.wav,5.0
audio_65.wav,2.5513
audio_14.wav,3.9638
audio_117.wav,3.5668
audio_212.wav,2.3755
audio_79.wav,3.3935
audio_171.wav,3.1447
audio_60.wav,2.14
audio_153.wav,3.3406
audio_176.wav,3.1596
audio_2.wav,3.4677
audio_50.wav,5.0
audio_29.wav,4.0338
audio_142.wav,4.1986
audio_47.wav,3.1748
audio_84.wav,4.7405
audio_164.wav,2.5717
audio_48.wav,4.9284
audio_189.wav,2.2695
audio_151.wav,3.3094
audio_66.wav,1.9789
audio_44.wav,3.2833
audio_150.wav,3.4831
audio_87.wav,4.5202
audio_99.wav,3.4645
audio_62.wav,3.3562
audio_20.wav,2.577
audio_124.wav,2.522
audio_54.wav,2.8294
audio_45.wav,5.0
audio_71.wav,5.0
audio_184.wav,2.4012
audio_24.wav,2.2136
audio_140.wav,3.7362
audio_165.wav,2.6264
audio_170.wav,2.8046
